순위,상품명,브랜드명,url,조회수,좋아요,구매후기 개수,평점,누적판매량(1년)
3151위,3팩 티셔츠 3PACK T-SHIRT,아웃도어 프로덕츠,https://www.musinsa.com/app/goods/1893766?loc=goods_rank,9.2천 회 이상,"23,718","후기 4,758개 보기",4.8,1.3만 개 이상
3152위,로고 와펜 켄톤 후드 마리타임 블루,세터,https://www.musinsa.com/app/goods/3010472?loc=goods_rank,7천 회 이상,991,후기 26개 보기,5,100개 이상
3153위,딥 오픈 칼라 셔츠 LIGHT GREY,인사일런스,https://www.musinsa.com/app/goods/3136273?loc=goods_rank,,0,후기 0개,평점 0점,
3154위,커스텀 슬림핏 로고 저지 티셔츠 - 그린,폴로 랄프 로렌,https://www.musinsa.com/app/goods/2406909?loc=goods_rank,200회 이상,145,후기 0개,평점 0점,
3155위,여성 랑고 브이넥 니트 - 블랙 / 93610421600007,에스 막스 마라,https://www.musinsa.com/app/goods/2690275?loc=goods_rank,700회 이상,131,후기 0개,평점 0점,
3156위,라운드 칼라 풀오버 셔츠 (WHT) ADTM2313568-WHT,단톤,https://www.musinsa.com/app/goods/3105784?loc=goods_rank,700회 이상,39,후기 0개,평점 0점,
3157위,2PACK 쓰리 스타 로고 티셔츠(NG2DMUT500A)_화이트 OR 블랙,나이스고스트클럽,https://www.musinsa.com/app/goods/3143691?loc=goods_rank,5.1천 회 이상,489,후기 3개 보기,5,50개 미만
3158위,U-neck Long Sleeve Top Black,기준,https://www.musinsa.com/app/goods/3128153?loc=goods_rank,2.1천 회 이상,284,후기 0개,평점 0점,
3159위,RCC Knit Half Zipup [PINK],로씨로씨,https://www.musinsa.com/app/goods/2118081?loc=goods_rank,2.7천 회 이상,"8,245",후기 380개 보기,4.8,400개 이상
3160위,HERITAGE UNIVERSITY DAN CABLE KNIT NAVY / WHITE,예일,https://www.musinsa.com/app/goods/2767059?loc=goods_rank,2천 회 이상,"2,111",후기 193개 보기,4.9,600개 이상
3161위,Traveler Oversized Sweater(GRAY),메인부스,https://www.musinsa.com/app/goods/2740637?loc=goods_rank,2.7천 회 이상,"1,485",후기 59개 보기,4.9,300개 이상
3162위,EMBROIDERY HERITAGE UNIVERSITY DAN CREWNECK PG GREEN,예일,https://www.musinsa.com/app/goods/2782909?loc=goods_rank,3.7천 회 이상,242,후기 14개 보기,4.6,50개 이상
3163위,오버사이즈 풀오버 카라 니트 [BLACK],드로우핏,https://www.musinsa.com/app/goods/2339420?loc=goods_rank,1000회 이상,"1,642",후기 245개 보기,4.8,400개 이상
3164위,RL 플리스 스웨트셔츠 - 블랙,폴로 랄프 로렌,https://www.musinsa.com/app/goods/3039141?loc=goods_rank,5.7천 회 이상,225,후기 6개 보기,5,50개 미만
3165위,[SET] 스튜디오 아치 로고 스웨트 셋업_라이트그레이,1993스튜디오,https://www.musinsa.com/app/goods/2988091?loc=goods_rank,5.3천 회 이상,"1,289",후기 44개 보기,4.8,200개 이상
3166위,세터 펀치드 로고 스웨이드 셔츠 탄베이지,세터,https://www.musinsa.com/app/goods/3065402?loc=goods_rank,3.9천 회 이상,337,후기 5개 보기,5,50개 미만
3167위,에센셜 가먼트다잉 셔츠 다크옐로우 IESH3G102Y3,일꼬르소,https://www.musinsa.com/app/goods/3033491?loc=goods_rank,2.5천 회 이상,149,후기 2개 보기,5,50개 미만
3168위,The Classic white shirt S40,다이아몬드 레이라,https://www.musinsa.com/app/goods/1116117?loc=goods_rank,3.9천 회 이상,"26,441","후기 7,197개 보기",4.8,3.2천 개 이상
3169위,COLOR BLOCK LOGO HALF ZIP SWEATSHIRT IN NAVY,마뗑킴,https://www.musinsa.com/app/goods/3039912?loc=goods_rank,5천 회 이상,"1,230",후기 8개 보기,5,50개 이상
3170위,REGULAR FIT HERITAGE DAN OXFORD SHIRTS LIGHT BLUE,예일,https://www.musinsa.com/app/goods/3107109?loc=goods_rank,3.5천 회 이상,291,후기 4개 보기,4.8,50개 이상
3171위,클래식 핏 The Earth Polo 셔츠 - 핑크,폴로 랄프 로렌,https://www.musinsa.com/app/goods/1883729?loc=goods_rank,400회 이상,105,후기 5개 보기,5,
3172위,(에센셜) 유니섹스 썬 댄스 스웻셔츠 atb900u(GREEN),앤더슨벨,https://www.musinsa.com/app/goods/3140035?loc=goods_rank,100회 이상,7,후기 0개,평점 0점,
3173위,[Mmlg] 80S STRIPE KNIT (NAVY),엠엠엘지,https://www.musinsa.com/app/goods/3115703?loc=goods_rank,,9,후기 0개,평점 0점,
3174위,여성 버튼 다운 칼라 빈티지 체크 스트레치 코튼 셔츠 - 아카이브 베이지 / 8022284,버버리,https://www.musinsa.com/app/goods/2322291?loc=goods_rank,1.4천 회 이상,319,후기 30개 보기,4.8,50개 이상
3175위,남성 스몰 하트 로고 후드 - 그레이 / BFUSW200730055,아미,https://www.musinsa.com/app/goods/2991553?loc=goods_rank,5.6천 회 이상,326,후기 8개 보기,5,50개 미만
3176위,Button Down Shirt Supima Cotton 80/2 High Count Oxford Resilient Finish (Sax),포터리,https://www.musinsa.com/app/goods/3043295?loc=goods_rank,7.1천 회 이상,244,후기 1개 보기,5,50개 미만
3177위,오버핏 절개 크롭 후드 트레이닝 스웻 집업 세트,썸플레이스,https://www.musinsa.com/app/goods/3046195?loc=goods_rank,3.4천 회 이상,294,후기 12개 보기,4.3,50개 미만
3178위,TNT BF Hoodie Navy,디스이즈네버댓,https://www.musinsa.com/app/goods/3144477?loc=goods_rank,2.3천 회 이상,83,후기 0개,평점 0점,
3179위,여성 코튼 반소매 티셔츠 - 네이비 / 99710121600008,에스 막스 마라,https://www.musinsa.com/app/goods/2690276?loc=goods_rank,,16,후기 6개 보기,5,
3180위,Heavy Cotton Rugby Knit Navy,사운즈라이프,https://www.musinsa.com/app/goods/3045801?loc=goods_rank,4.8천 회 이상,570,후기 18개 보기,4.9,100개 이상
3181위,CPT-Logo Hoodie Heather Grey,디스이즈네버댓,https://www.musinsa.com/app/goods/2786301?loc=goods_rank,6.6천 회 이상,"2,309",후기 66개 보기,4.8,300개 이상
3182위,더블니트 스웨트셔츠 - 블랙,폴로 랄프 로렌,https://www.musinsa.com/app/goods/2792629?loc=goods_rank,3.5천 회 이상,"1,264",후기 94개 보기,4.9,300개 이상
3183위,2PACK MIDDLE GAUGE KNIT CREWNECK,예일,https://www.musinsa.com/app/goods/3063112?loc=goods_rank,5.6천 회 이상,748,후기 31개 보기,4.9,200개 이상
3184위,링클 프리 베이직 셔츠_INDIE BLUE,시티브리즈,https://www.musinsa.com/app/goods/3066518?loc=goods_rank,7.1천 회 이상,843,후기 26개 보기,4.8,100개 이상
3185위,하트 오버핏 맨투맨 NY (Cream),엠엘비,https://www.musinsa.com/app/goods/2728994?loc=goods_rank,1.3천 회 이상,846,후기 20개 보기,5,100개 이상
3186위,캡 슬리브 워머 셔츠 / 그레이,오호스,https://www.musinsa.com/app/goods/3133242?loc=goods_rank,600회 이상,106,후기 0개,평점 0점,
3187위,네트 라운드 니트 4 COLOR,니티드,https://www.musinsa.com/app/goods/3123355?loc=goods_rank,1.3천 회 이상,103,후기 1개 보기,5,
3188위,SR SWEATSHIRT - LIGHT GREY(BLUE+ORANGE),쏘이르,https://www.musinsa.com/app/goods/2809971?loc=goods_rank,,87,후기 4개 보기,5,
3189위,코튼 버튼 카라 니트 4 COLOR,니티드,https://www.musinsa.com/app/goods/3041163?loc=goods_rank,2천 회 이상,133,후기 3개 보기,5,
3190위,MV LOVE KNIT(BABY PINK),러브이즈트루,https://www.musinsa.com/app/goods/2809039?loc=goods_rank,1만 회 이상,"12,404",후기 389개 보기,4.9,1.3천 개 이상
3191위,남성 로고 패치 반소매 티셔츠 - 블랙 / 761524113V0029,스톤아일랜드,https://www.musinsa.com/app/goods/2362368?loc=goods_rank,1.7천 회 이상,402,후기 12개 보기,4.8,50개 이상
3192위,MESSAGE LOGO RAGLAN LS TEE WHITE,아메스 월드와이드,https://www.musinsa.com/app/goods/3051603?loc=goods_rank,1.1만 회 이상,"2,256",후기 25개 보기,4.6,200개 이상
3193위,WINNER CROWN TEE_WHITE,로맨틱크라운,https://www.musinsa.com/app/goods/1422625?loc=goods_rank,200회 이상,216,후기 52개 보기,4.9,100개 이상
3194위,102-CVL 17수 무지 긴팔티 화이트,프린트스타,https://www.musinsa.com/app/goods/1519319?loc=goods_rank,1천 회 이상,560,후기 366개 보기,4.8,300개 이상
3195위,Button-down Shirt Big Fit Grey,사운즈라이프,https://www.musinsa.com/app/goods/2090726?loc=goods_rank,500회 이상,94,후기 12개 보기,4.9,50개 미만
3196위,3pocket utility shirts grey,유니폼브릿지,https://www.musinsa.com/app/goods/3104960?loc=goods_rank,1.2천 회 이상,53,후기 1개 보기,5,
3197위,램스울 크루넥 오버니트(그레이),테이크이지,https://www.musinsa.com/app/goods/1191494?loc=goods_rank,1.1만 회 이상,"16,738","후기 3,501개 보기",4.7,7천 개 이상
3198위,[논기모]구미 베어&로고 후디_블랙(NG2DSUM400A),나이스고스트클럽,https://www.musinsa.com/app/goods/3010622?loc=goods_rank,8.2천 회 이상,"1,872",후기 21개 보기,4.9,200개 이상
3199위,SIGNATURE CROP T-SHIRTS [WHITE],오아이오아이,https://www.musinsa.com/app/goods/2415790?loc=goods_rank,400회 이상,"1,418",후기 102개 보기,4.8,300개 이상
3200위,dyeing pocket l/s tee pigment green,유니폼브릿지,https://www.musinsa.com/app/goods/3104932?loc=goods_rank,1.1천 회 이상,60,후기 1개 보기,5,
3201위,SHERPA CREWNECK NAVY,밀레 클래식,https://www.musinsa.com/app/goods/1539688?loc=goods_rank,800회 이상,546,후기 35개 보기,4.7,
3202위,5301 맨투맨 오버핏 크롭 스웨트셔츠 (크림),마롭,https://www.musinsa.com/app/goods/2162186?loc=goods_rank,200회 이상,200,후기 8개 보기,4.8,50개 미만
3203위,Square neck Line crop long sleeve BLACK,어반드레스,https://www.musinsa.com/app/goods/2346410?loc=goods_rank,1.1만 회 이상,"9,367",후기 538개 보기,4.8,1.7천 개 이상
3204위,DENIM WORK SHIRT (DENIM),위캔더스,https://www.musinsa.com/app/goods/2100903?loc=goods_rank,2.3천 회 이상,518,후기 32개 보기,4.9,50개 이상
3205위,[Woman]내츄럴 오버핏 심볼 코튼 셔츠_Royal Blue,라퍼지 포 우먼,https://www.musinsa.com/app/goods/3141411?loc=goods_rank,300회 이상,50,후기 0개,평점 0점,
3206위,COZY HENLY NECK T-SHIRT [Black Night],비디알,https://www.musinsa.com/app/goods/1922032?loc=goods_rank,500회 이상,980,후기 383개 보기,4.9,600개 이상
3207위,말티즈 아카이브 맨투맨 멜란지화이트,와이케이,https://www.musinsa.com/app/goods/2098327?loc=goods_rank,8.2천 회 이상,"16,850","후기 1,741개 보기",4.8,2.9천 개 이상
3208위,(우먼) 코튼 워셔블 케이블 하프집업 니트_네이비,키뮤어,https://www.musinsa.com/app/goods/3147595?loc=goods_rank,600회 이상,61,후기 0개,평점 0점,
3209위,BIG LOGO SWEATSHIRTS [OATMEAL],골라,https://www.musinsa.com/app/goods/2759009?loc=goods_rank,4.7천 회 이상,"1,180",후기 53개 보기,4.8,200개 이상
3210위,헤이즈 믹스드 니트 SMOKE GREY,인사일런스,https://www.musinsa.com/app/goods/3088309?loc=goods_rank,1.5천 회 이상,71,후기 6개 보기,4.7,
3211위,Two-way Stripe Shirt SW3SB108-29,루에브르,https://www.musinsa.com/app/goods/3119295?loc=goods_rank,,25,후기 0개,평점 0점,
3212위,Varsity Logo Tee White,스컬프터,https://www.musinsa.com/app/goods/3118956?loc=goods_rank,1.5천 회 이상,418,후기 0개,평점 0점,50개 미만
3213위,MIL SERIES LONG SLEEVE(FIGHTER SQDN)_BEIGE,아웃스탠딩,https://www.musinsa.com/app/goods/3050477?loc=goods_rank,4.8천 회 이상,351,후기 15개 보기,4.9,100개 이상
3214위,COTTON CABLE TOP COLLAR SHORT SLEEVE_WHITE GREEN,마르디 메크르디,https://www.musinsa.com/app/goods/3071093?loc=goods_rank,3.2천 회 이상,"1,129",후기 3개 보기,4.7,50개 이상
3215위,칸투어 슬로건 피그먼트 후드티 크림,트래블,https://www.musinsa.com/app/goods/2703671?loc=goods_rank,400회 이상,298,후기 7개 보기,4.9,50개 미만
3216위,Guildo Elbow Patch (0MM) ASJU2211388-0MM,세인트제임스,https://www.musinsa.com/app/goods/2292855?loc=goods_rank,2.2천 회 이상,"1,472",후기 268개 보기,4.9,400개 이상
3217위,스티치 오버핏 셔츠 화이트,엘무드,https://www.musinsa.com/app/goods/1310546?loc=goods_rank,500회 이상,664,후기 165개 보기,4.8,50개 이상
3218위,T-Logo Hoodie Ultramarine,디스이즈네버댓,https://www.musinsa.com/app/goods/3081567?loc=goods_rank,8.9천 회 이상,806,후기 6개 보기,5,50개 이상
3219위,NEW CREATIVE LONG SLEEVE TEE [BLACK],커렌트,https://www.musinsa.com/app/goods/2739522?loc=goods_rank,8.9천 회 이상,"5,115",후기 245개 보기,4.8,800개 이상
3220위,[퓨어 코튼100] 시티보이 오버핏 워싱 데님 셔츠_라이트 블루,키뮤어,https://www.musinsa.com/app/goods/3051727?loc=goods_rank,6.7천 회 이상,491,후기 34개 보기,4.7,100개 이상
3221위,포플린 롱 슬리브 셔츠 샌드,디키즈,https://www.musinsa.com/app/goods/2787208?loc=goods_rank,400회 이상,42,후기 0개,평점 0점,
3222위,Over Pique Polo Shirts Navy,에스피오나지,https://www.musinsa.com/app/goods/1959696?loc=goods_rank,1.7천 회 이상,"1,780",후기 495개 보기,4.9,800개 이상
3223위,Chaos Eater Heavy Terry Hoodie - Off White,선데이오프클럽,https://www.musinsa.com/app/goods/2704602?loc=goods_rank,3.2천 회 이상,"1,670",후기 72개 보기,4.9,200개 이상
3224위,오버핏 페인팅 라운드 크롭 케이블 반팔 니트,플레이스 스튜디오,https://www.musinsa.com/app/goods/2996391?loc=goods_rank,2.2천 회 이상,359,후기 0개,평점 0점,50개 미만
3225위,스포츠로고 크롭 반팔 티셔츠_화이트,뎃츠잇,https://www.musinsa.com/app/goods/2595500?loc=goods_rank,,86,후기 1개 보기,5,
3226위,TAG HOODIE - SKY BLUE,브라운브레스,https://www.musinsa.com/app/goods/2722789?loc=goods_rank,3.7천 회 이상,897,후기 31개 보기,4.9,100개 이상
3227위,파이핑 오버핏 후드 스웨트 셔츠_Gray Melange,라퍼지스토어,https://www.musinsa.com/app/goods/3063411?loc=goods_rank,7.2천 회 이상,581,후기 1개 보기,4,50개 이상
3228위,DENIM TRUCKER OVERSIZED SHIRT _ INDIGO,프리즘웍스,https://www.musinsa.com/app/goods/2736974?loc=goods_rank,1.3천 회 이상,754,후기 84개 보기,4.8,200개 이상
3229위,LOCATION CREWNECK [BLACK],비바스튜디오,https://www.musinsa.com/app/goods/836495?loc=goods_rank,1.1만 회 이상,"29,934","후기 10,897개 보기",4.7,5천 개 이상
3230위,2PACK(올시즌) 베이직 세미 오버핏 레이어링 셔츠_7COLOR,디미트리블랙,https://www.musinsa.com/app/goods/2699963?loc=goods_rank,3.2천 회 이상,857,후기 105개 보기,4.7,300개 이상
3231위,UNISEX LAUREL OVERSIZED HOODIE CHARCOAL,어반드레스,https://www.musinsa.com/app/goods/2181105?loc=goods_rank,4.4천 회 이상,"2,730",후기 344개 보기,4.8,1.1천 개 이상
3232위,MC 스웨트셔츠 - 블랙 / HS9505,아디다스,https://www.musinsa.com/app/goods/2887111?loc=goods_rank,1.6천 회 이상,259,후기 11개 보기,5,50개 미만
3233위,딥 오픈 칼라 셔츠 BLACK,인사일런스,https://www.musinsa.com/app/goods/3136277?loc=goods_rank,,0,후기 0개,평점 0점,
3234위,헤이즈 오버핏 스웨트셔츠 [쭈리/기모] 네이비 KJMT2369 / KJMT2400,제멋,https://www.musinsa.com/app/goods/2085369?loc=goods_rank,3.3천 회 이상,"1,006",후기 388개 보기,4.8,1.2천 개 이상
3235위,TAG FLEECE CREWNECK - BLUEGREEN,브라운브레스,https://www.musinsa.com/app/goods/2058165?loc=goods_rank,1.2천 회 이상,748,후기 147개 보기,4.9,50개 이상
3236위,콘트라스트 패널 보트넥 스웨터 atb860m(GREEN/ORANGE),앤더슨벨,https://www.musinsa.com/app/goods/3140147?loc=goods_rank,,15,후기 0개,평점 0점,
3237위,UMA 크루 스웨트셔츠 - 화이트:블루:베이지 / HR6443,아디다스,https://www.musinsa.com/app/goods/2736410?loc=goods_rank,1.1천 회 이상,226,후기 6개 보기,4.5,50개 미만
3238위,스포츠 클럽 져지 롱 슬리브 - 블루,배드블러드,https://www.musinsa.com/app/goods/2994155?loc=goods_rank,2.5천 회 이상,981,후기 15개 보기,4.7,50개 이상
3239위,벌키 브러쉬 아가일 니트 BLACK,니티드,https://www.musinsa.com/app/goods/1595032?loc=goods_rank,7.2천 회 이상,"25,395","후기 3,728개 보기",4.8,2.3천 개 이상
3240위,90년도 뉴욕 맨투맨 네이비(와이드 핏),듀테로,https://www.musinsa.com/app/goods/2763714?loc=goods_rank,3.7천 회 이상,191,후기 100개 보기,4.9,100개 이상
